"book_name","department","read_count"
"20000 Leagues Under the Sea","COMPUTER_SCIENCE",38
"20000 Leagues Under the Sea","DANCE",39
"20000 Leagues Under the Sea","ECONOMICS",47
"20000 Leagues Under the Sea","ENGLISH",39
"20000 Leagues Under the Sea","MATHEMATICS",46
"20000 Leagues Under the Sea","POLITICAL_SCIENCE",46
"20000 Leagues Under the Sea","PSYCHOLOGY",48
"20000 Leagues Under the Sea","STATISTICS",39
"Age of Discontuinity, The","COMPUTER_SCIENCE",46
"Age of Discontuinity, The","DANCE",37
"Age of Discontuinity, The","ECONOMICS",37
"Age of Discontuinity, The","ENGLISH",42
"Age of Discontuinity, The","MATHEMATICS",41
"Age of Discontuinity, The","POLITICAL_SCIENCE",48
"Age of Discontuinity, The","PSYCHOLOGY",51
"Age of Discontuinity, The","STATISTICS",39
"Age of the Warrior, The","COMPUTER_SCIENCE",53
"Age of the Warrior, The","DANCE",35
"Age of the Warrior, The","ECONOMICS",44
"Age of the Warrior, The","ENGLISH",51
"Age of the Warrior, The","MATHEMATICS",33
"Age of the Warrior, The","POLITICAL_SCIENCE",41
"Age of the Warrior, The","PSYCHOLOGY",47
"Age of the Warrior, The","STATISTICS",52
"Age of Wrath, The","COMPUTER_SCIENCE",54
"Age of Wrath, The","DANCE",36
"Age of Wrath, The","ECONOMICS",47
"Age of Wrath, The","ENGLISH",37
"Age of Wrath, The","MATHEMATICS",45
"Age of Wrath, The","POLITICAL_SCIENCE",43
"Age of Wrath, The","PSYCHOLOGY",46
"Age of Wrath, The","STATISTICS",43
"Aghal Paghal","COMPUTER_SCIENCE",52
"Aghal Paghal","DANCE",26
"Aghal Paghal","ECONOMICS",32
"Aghal Paghal","ENGLISH",42
"Aghal Paghal","MATHEMATICS",39
"Aghal Paghal","POLITICAL_SCIENCE",56
"Aghal Paghal","PSYCHOLOGY",66
"Aghal Paghal","STATISTICS",40
"Ahe Manohar Tari","COMPUTER_SCIENCE",49
"Ahe Manohar Tari","DANCE",39
"Ahe Manohar Tari","ECONOMICS",49
"Ahe Manohar Tari","ENGLISH",43
"Ahe Manohar Tari","MATHEMATICS",39
"Ahe Manohar Tari","POLITICAL_SCIENCE",45
"Ahe Manohar Tari","PSYCHOLOGY",52
"Ahe Manohar Tari","STATISTICS",41
"All the President's Men","COMPUTER_SCIENCE",43
"All the President's Men","DANCE",34
"All the President's Men","ECONOMICS",36
"All the President's Men","ENGLISH",44
"All the President's Men","MATHEMATICS",35
"All the President's Men","POLITICAL_SCIENCE",56
"All the President's Men","PSYCHOLOGY",45
"All the President's Men","STATISTICS",45
"Amulet of Samarkand, The","COMPUTER_SCIENCE",44
"Amulet of Samarkand, The","DANCE",48
"Amulet of Samarkand, The","ECONOMICS",43
"Amulet of Samarkand, The","ENGLISH",31
"Amulet of Samarkand, The","MATHEMATICS",43
"Amulet of Samarkand, The","POLITICAL_SCIENCE",32
"Amulet of Samarkand, The","PSYCHOLOGY",43
"Amulet of Samarkand, The","STATISTICS",37
"Analysis, Vol I","COMPUTER_SCIENCE",50
"Analysis, Vol I","DANCE",38
"Analysis, Vol I","ECONOMICS",47
"Analysis, Vol I","ENGLISH",23
"Analysis, Vol I","MATHEMATICS",30
"Analysis, Vol I","POLITICAL_SCIENCE",48
"Analysis, Vol I","PSYCHOLOGY",35
"Analysis, Vol I","STATISTICS",43
"Angels & Demons","COMPUTER_SCIENCE",98
"Angels & Demons","DANCE",80
"Angels & Demons","ECONOMICS",76
"Angels & Demons","ENGLISH",71
"Angels & Demons","MATHEMATICS",77
"Angels & Demons","POLITICAL_SCIENCE",95
"Angels & Demons","PSYCHOLOGY",71
"Angels & Demons","STATISTICS",85
"Animal Farm","COMPUTER_SCIENCE",47
"Animal Farm","DANCE",36
"Animal Farm","ECONOMICS",49
"Animal Farm","ENGLISH",38
"Animal Farm","MATHEMATICS",35
"Animal Farm","POLITICAL_SCIENCE",50
"Animal Farm","PSYCHOLOGY",40
"Animal Farm","STATISTICS",47
"Apulki","COMPUTER_SCIENCE",38
"Apulki","DANCE",39
"Apulki","ECONOMICS",45
"Apulki","ENGLISH",41
"Apulki","MATHEMATICS",40
"Apulki","POLITICAL_SCIENCE",43
"Apulki","PSYCHOLOGY",37
"Apulki","STATISTICS",42
"Argumentative Indian, The","COMPUTER_SCIENCE",47
"Argumentative Indian, The","DANCE",31
"Argumentative Indian, The","ECONOMICS",43
"Argumentative Indian, The","ENGLISH",32
"Argumentative Indian, The","MATHEMATICS",43
"Argumentative Indian, The","POLITICAL_SCIENCE",41
"Argumentative Indian, The","PSYCHOLOGY",41
"Argumentative Indian, The","STATISTICS",40
"Arthashastra, The","COMPUTER_SCIENCE",38
"Arthashastra, The","DANCE",31
"Arthashastra, The","ECONOMICS",46
"Arthashastra, The","ENGLISH",48
"Arthashastra, The","MATHEMATICS",31
"Arthashastra, The","POLITICAL_SCIENCE",53
"Arthashastra, The","PSYCHOLOGY",43
"Arthashastra, The","STATISTICS",33
"Artist and the Mathematician, The","COMPUTER_SCIENCE",53
"Artist and the Mathematician, The","DANCE",32
"Artist and the Mathematician, The","ECONOMICS",43
"Artist and the Mathematician, The","ENGLISH",32
"Artist and the Mathematician, The","MATHEMATICS",44
"Artist and the Mathematician, The","POLITICAL_SCIENCE",51
"Artist and the Mathematician, The","PSYCHOLOGY",41
"Artist and the Mathematician, The","STATISTICS",46
"Asami Asami","COMPUTER_SCIENCE",49
"Asami Asami","DANCE",37
"Asami Asami","ECONOMICS",42
"Asami Asami","ENGLISH",43
"Asami Asami","MATHEMATICS",44
"Asami Asami","POLITICAL_SCIENCE",45
"Asami Asami","PSYCHOLOGY",36
"Asami Asami","STATISTICS",44
"Ashenden of The British Agent","COMPUTER_SCIENCE",41
"Ashenden of The British Agent","DANCE",29
"Ashenden of The British Agent","ECONOMICS",43
"Ashenden of The British Agent","ENGLISH",45
"Ashenden of The British Agent","MATHEMATICS",30
"Ashenden of The British Agent","POLITICAL_SCIENCE",34
"Ashenden of The British Agent","PSYCHOLOGY",40
"Ashenden of The British Agent","STATISTICS",43
"Attorney, The","COMPUTER_SCIENCE",53
"Attorney, The","DANCE",34
"Attorney, The","ECONOMICS",47
"Attorney, The","ENGLISH",41
"Attorney, The","MATHEMATICS",33
"Attorney, The","POLITICAL_SCIENCE",52
"Attorney, The","PSYCHOLOGY",56
"Attorney, The","STATISTICS",33
"Ayn Rand Answers","COMPUTER_SCIENCE",40
"Ayn Rand Answers","DANCE",46
"Ayn Rand Answers","ECONOMICS",43
"Ayn Rand Answers","ENGLISH",33
"Ayn Rand Answers","MATHEMATICS",33
"Ayn Rand Answers","POLITICAL_SCIENCE",61
"Ayn Rand Answers","PSYCHOLOGY",42
"Ayn Rand Answers","STATISTICS",46
"Batatyachi Chal","COMPUTER_SCIENCE",48
"Batatyachi Chal","DANCE",37
"Batatyachi Chal","ECONOMICS",37
"Batatyachi Chal","ENGLISH",29
"Batatyachi Chal","MATHEMATICS",43
"Batatyachi Chal","POLITICAL_SCIENCE",45
"Batatyachi Chal","PSYCHOLOGY",32
"Batatyachi Chal","STATISTICS",43
"Batman Earth One","COMPUTER_SCIENCE",42
"Batman Earth One","DANCE",33
"Batman Earth One","ECONOMICS",46
"Batman Earth One","ENGLISH",42
"Batman Earth One","MATHEMATICS",42
"Batman Earth One","POLITICAL_SCIENCE",47
"Batman Earth One","PSYCHOLOGY",43
"Batman Earth One","STATISTICS",40
"Batman Handbook","COMPUTER_SCIENCE",46
"Batman Handbook","DANCE",44
"Batman Handbook","ECONOMICS",50
"Batman Handbook","ENGLISH",44
"Batman Handbook","MATHEMATICS",42
"Batman Handbook","POLITICAL_SCIENCE",39
"Batman Handbook","PSYCHOLOGY",40
"Batman Handbook","STATISTICS",41
"Batman: The Long Halloween","COMPUTER_SCIENCE",43
"Batman: The Long Halloween","DANCE",41
"Batman: The Long Halloween","ECONOMICS",44
"Batman: The Long Halloween","ENGLISH",44
"Batman: The Long Halloween","MATHEMATICS",38
"Batman: The Long Halloween","POLITICAL_SCIENCE",46
"Batman: The Long Halloween","PSYCHOLOGY",43
"Batman: The Long Halloween","STATISTICS",36
"Beautiful and the Damned, The","COMPUTER_SCIENCE",36
"Beautiful and the Damned, The","DANCE",26
"Beautiful and the Damned, The","ECONOMICS",47
"Beautiful and the Damned, The","ENGLISH",35
"Beautiful and the Damned, The","MATHEMATICS",43
"Beautiful and the Damned, The","POLITICAL_SCIENCE",41
"Beautiful and the Damned, The","PSYCHOLOGY",52
"Beautiful and the Damned, The","STATISTICS",43
"Beyond Degrees","COMPUTER_SCIENCE",54
"Beyond Degrees","DANCE",28
"Beyond Degrees","ECONOMICS",36
"Beyond Degrees","ENGLISH",39
"Beyond Degrees","MATHEMATICS",37
"Beyond Degrees","POLITICAL_SCIENCE",46
"Beyond Degrees","PSYCHOLOGY",40
"Beyond Degrees","STATISTICS",34
"Beyond the Three Seas","COMPUTER_SCIENCE",45
"Beyond the Three Seas","DANCE",41
"Beyond the Three Seas","ECONOMICS",44
"Beyond the Three Seas","ENGLISH",36
"Beyond the Three Seas","MATHEMATICS",42
"Beyond the Three Seas","POLITICAL_SCIENCE",50
"Beyond the Three Seas","PSYCHOLOGY",37
"Beyond the Three Seas","STATISTICS",53
"Birth of a Theorem","COMPUTER_SCIENCE",45
"Birth of a Theorem","DANCE",31
"Birth of a Theorem","ECONOMICS",38
"Birth of a Theorem","ENGLISH",49
"Birth of a Theorem","MATHEMATICS",32
"Birth of a Theorem","POLITICAL_SCIENCE",32
"Birth of a Theorem","PSYCHOLOGY",48
"Birth of a Theorem","STATISTICS",49
"Bookless in Baghdad","COMPUTER_SCIENCE",41
"Bookless in Baghdad","DANCE",45
"Bookless in Baghdad","ECONOMICS",45
"Bookless in Baghdad","ENGLISH",40
"Bookless in Baghdad","MATHEMATICS",31
"Bookless in Baghdad","POLITICAL_SCIENCE",31
"Bookless in Baghdad","PSYCHOLOGY",36
"Bookless in Baghdad","STATISTICS",47
"Brethren, The","COMPUTER_SCIENCE",53
"Brethren, The","DANCE",38
"Brethren, The","ECONOMICS",38
"Brethren, The","ENGLISH",47
"Brethren, The","MATHEMATICS",40
"Brethren, The","POLITICAL_SCIENCE",48
"Brethren, The","PSYCHOLOGY",33
"Brethren, The","STATISTICS",40
"Broca's Brain","COMPUTER_SCIENCE",43
"Broca's Brain","DANCE",40
"Broca's Brain","ECONOMICS",41
"Broca's Brain","ENGLISH",31
"Broca's Brain","MATHEMATICS",44
"Broca's Brain","POLITICAL_SCIENCE",53
"Broca's Brain","PSYCHOLOGY",47
"Broca's Brain","STATISTICS",42
"Burning Bright","COMPUTER_SCIENCE",47
"Burning Bright","DANCE",39
"Burning Bright","ECONOMICS",44
"Burning Bright","ENGLISH",32
"Burning Bright","MATHEMATICS",44
"Burning Bright","POLITICAL_SCIENCE",44
"Burning Bright","PSYCHOLOGY",55
"Burning Bright","STATISTICS",30
"Case of the Lame Canary, The","COMPUTER_SCIENCE",43
"Case of the Lame Canary, The","DANCE",33
"Case of the Lame Canary, The","ECONOMICS",42
"Case of the Lame Canary, The","ENGLISH",39
"Case of the Lame Canary, The","MATHEMATICS",32
"Case of the Lame Canary, The","POLITICAL_SCIENCE",50
"Case of the Lame Canary, The","PSYCHOLOGY",45
"Case of the Lame Canary, The","STATISTICS",36
"Catch 22","COMPUTER_SCIENCE",47
"Catch 22","DANCE",36
"Catch 22","ECONOMICS",37
"Catch 22","ENGLISH",36
"Catch 22","MATHEMATICS",30
"Catch 22","POLITICAL_SCIENCE",40
"Catch 22","PSYCHOLOGY",31
"Catch 22","STATISTICS",53
"Cathedral and the Bazaar, The","COMPUTER_SCIENCE",45
"Cathedral and the Bazaar, The","DANCE",34
"Cathedral and the Bazaar, The","ECONOMICS",37
"Cathedral and the Bazaar, The","ENGLISH",36
"Cathedral and the Bazaar, The","MATHEMATICS",39
"Cathedral and the Bazaar, The","POLITICAL_SCIENCE",36
"Cathedral and the Bazaar, The","PSYCHOLOGY",43
"Cathedral and the Bazaar, The","STATISTICS",49
"Char Shabda","COMPUTER_SCIENCE",51
"Char Shabda","DANCE",32
"Char Shabda","ECONOMICS",38
"Char Shabda","ENGLISH",51
"Char Shabda","MATHEMATICS",37
"Char Shabda","POLITICAL_SCIENCE",58
"Char Shabda","PSYCHOLOGY",45
"Char Shabda","STATISTICS",52
"Christmas Carol, A","COMPUTER_SCIENCE",54
"Christmas Carol, A","DANCE",41
"Christmas Carol, A","ECONOMICS",49
"Christmas Carol, A","ENGLISH",34
"Christmas Carol, A","MATHEMATICS",42
"Christmas Carol, A","POLITICAL_SCIENCE",44
"Christmas Carol, A","PSYCHOLOGY",45
"Christmas Carol, A","STATISTICS",43
"City of Djinns","COMPUTER_SCIENCE",49
"City of Djinns","DANCE",34
"City of Djinns","ECONOMICS",54
"City of Djinns","ENGLISH",38
"City of Djinns","MATHEMATICS",42
"City of Djinns","POLITICAL_SCIENCE",46
"City of Djinns","PSYCHOLOGY",47
"City of Djinns","STATISTICS",50
"City of Joy, The","COMPUTER_SCIENCE",41
"City of Joy, The","DANCE",42
"City of Joy, The","ECONOMICS",40
"City of Joy, The","ENGLISH",31
"City of Joy, The","MATHEMATICS",49
"City of Joy, The","POLITICAL_SCIENCE",51
"City of Joy, The","PSYCHOLOGY",50
"City of Joy, The","STATISTICS",48
"Clash of Civilizations and Remaking of the World Order","COMPUTER_SCIENCE",44
"Clash of Civilizations and Remaking of the World Order","DANCE",32
"Clash of Civilizations and Remaking of the World Order","ECONOMICS",40
"Clash of Civilizations and Remaking of the World Order","ENGLISH",35
"Clash of Civilizations and Remaking of the World Order","MATHEMATICS",28
"Clash of Civilizations and Remaking of the World Order","POLITICAL_SCIENCE",47
"Clash of Civilizations and Remaking of the World Order","PSYCHOLOGY",46
"Clash of Civilizations and Remaking of the World Order","STATISTICS",39
"Code Book, The","COMPUTER_SCIENCE",55
"Code Book, The","DANCE",40
"Code Book, The","ECONOMICS",44
"Code Book, The","ENGLISH",26
"Code Book, The","MATHEMATICS",38
"Code Book, The","POLITICAL_SCIENCE",37
"Code Book, The","PSYCHOLOGY",36
"Code Book, The","STATISTICS",49
"Complete Mastermind, The","COMPUTER_SCIENCE",39
"Complete Mastermind, The","DANCE",30
"Complete Mastermind, The","ECONOMICS",50
"Complete Mastermind, The","ENGLISH",35
"Complete Mastermind, The","MATHEMATICS",41
"Complete Mastermind, The","POLITICAL_SCIENCE",40
"Complete Mastermind, The","PSYCHOLOGY",53
"Complete Mastermind, The","STATISTICS",43
"Complete Sherlock Holmes, The - Vol I","COMPUTER_SCIENCE",49
"Complete Sherlock Holmes, The - Vol I","DANCE",30
"Complete Sherlock Holmes, The - Vol I","ECONOMICS",41
"Complete Sherlock Holmes, The - Vol I","ENGLISH",36
"Complete Sherlock Holmes, The - Vol I","MATHEMATICS",39
"Complete Sherlock Holmes, The - Vol I","POLITICAL_SCIENCE",41
"Complete Sherlock Holmes, The - Vol I","PSYCHOLOGY",36
"Complete Sherlock Holmes, The - Vol I","STATISTICS",51
"Complete Sherlock Holmes, The - Vol II","COMPUTER_SCIENCE",49
"Complete Sherlock Holmes, The - Vol II","DANCE",29
"Complete Sherlock Holmes, The - Vol II","ECONOMICS",52
"Complete Sherlock Holmes, The - Vol II","ENGLISH",27
"Complete Sherlock Holmes, The - Vol II","MATHEMATICS",45
"Complete Sherlock Holmes, The - Vol II","POLITICAL_SCIENCE",60
"Complete Sherlock Holmes, The - Vol II","PSYCHOLOGY",50
"Complete Sherlock Holmes, The - Vol II","STATISTICS",37
"Computer Architecture: A Quantitative Approach","COMPUTER_SCIENCE",16
"Computer Architecture: A Quantitative Approach","DANCE",19
"Computer Architecture: A Quantitative Approach","ECONOMICS",19
"Computer Architecture: A Quantitative Approach","ENGLISH",16
"Computer Architecture: A Quantitative Approach","MATHEMATICS",13
"Computer Architecture: A Quantitative Approach","POLITICAL_SCIENCE",19
"Computer Architecture: A Quantitative Approach","PSYCHOLOGY",18
"Computer Architecture: A Quantitative Approach","STATISTICS",15
"Computer Vision, A Modern Approach","COMPUTER_SCIENCE",33
"Computer Vision, A Modern Approach","DANCE",41
"Computer Vision, A Modern Approach","ECONOMICS",39
"Computer Vision, A Modern Approach","ENGLISH",35
"Computer Vision, A Modern Approach","MATHEMATICS",43
"Computer Vision, A Modern Approach","POLITICAL_SCIENCE",50
"Computer Vision, A Modern Approach","PSYCHOLOGY",28
"Computer Vision, A Modern Approach","STATISTICS",37
"Courtroom Genius, The","COMPUTER_SCIENCE",31
"Courtroom Genius, The","DANCE",46
"Courtroom Genius, The","ECONOMICS",33
"Courtroom Genius, The","ENGLISH",38
"Courtroom Genius, The","MATHEMATICS",38
"Courtroom Genius, The","POLITICAL_SCIENCE",40
"Courtroom Genius, The","PSYCHOLOGY",52
"Courtroom Genius, The","STATISTICS",50
"Crime and Punishment","COMPUTER_SCIENCE",41
"Crime and Punishment","DANCE",38
"Crime and Punishment","ECONOMICS",42
"Crime and Punishment","ENGLISH",41
"Crime and Punishment","MATHEMATICS",28
"Crime and Punishment","POLITICAL_SCIENCE",46
"Crime and Punishment","PSYCHOLOGY",51
"Crime and Punishment","STATISTICS",44
"Crisis on Infinite Earths","COMPUTER_SCIENCE",39
"Crisis on Infinite Earths","DANCE",44
"Crisis on Infinite Earths","ECONOMICS",44
"Crisis on Infinite Earths","ENGLISH",30
"Crisis on Infinite Earths","MATHEMATICS",47
"Crisis on Infinite Earths","POLITICAL_SCIENCE",43
"Crisis on Infinite Earths","PSYCHOLOGY",47
"Crisis on Infinite Earths","STATISTICS",39
"Data Analysis with Open Source Tools","COMPUTER_SCIENCE",39
"Data Analysis with Open Source Tools","DANCE",39
"Data Analysis with Open Source Tools","ECONOMICS",34
"Data Analysis with Open Source Tools","ENGLISH",31
"Data Analysis with Open Source Tools","MATHEMATICS",27
"Data Analysis with Open Source Tools","POLITICAL_SCIENCE",46
"Data Analysis with Open Source Tools","PSYCHOLOGY",39
"Data Analysis with Open Source Tools","STATISTICS",41
"Data Mining Handbook","COMPUTER_SCIENCE",43
"Data Mining Handbook","DANCE",44
"Data Mining Handbook","ECONOMICS",43
"Data Mining Handbook","ENGLISH",42
"Data Mining Handbook","MATHEMATICS",52
"Data Mining Handbook","POLITICAL_SCIENCE",39
"Data Mining Handbook","PSYCHOLOGY",40
"Data Mining Handbook","STATISTICS",46
"Data Scientists at Work","COMPUTER_SCIENCE",43
"Data Scientists at Work","DANCE",32
"Data Scientists at Work","ECONOMICS",40
"Data Scientists at Work","ENGLISH",36
"Data Scientists at Work","MATHEMATICS",44
"Data Scientists at Work","POLITICAL_SCIENCE",52
"Data Scientists at Work","PSYCHOLOGY",49
"Data Scientists at Work","STATISTICS",41
"Data Smart","COMPUTER_SCIENCE",38
"Data Smart","DANCE",40
"Data Smart","ECONOMICS",43
"Data Smart","ENGLISH",34
"Data Smart","MATHEMATICS",39
"Data Smart","POLITICAL_SCIENCE",45
"Data Smart","PSYCHOLOGY",44
"Data Smart","STATISTICS",39
"Data Structures Using C & C++","COMPUTER_SCIENCE",46
"Data Structures Using C & C++","DANCE",43
"Data Structures Using C & C++","ECONOMICS",37
"Data Structures Using C & C++","ENGLISH",46
"Data Structures Using C & C++","MATHEMATICS",29
"Data Structures Using C & C++","POLITICAL_SCIENCE",38
"Data Structures Using C & C++","PSYCHOLOGY",44
"Data Structures Using C & C++","STATISTICS",44
"Death of Superman, The","COMPUTER_SCIENCE",42
"Death of Superman, The","DANCE",41
"Death of Superman, The","ECONOMICS",44
"Death of Superman, The","ENGLISH",27
"Death of Superman, The","MATHEMATICS",43
"Death of Superman, The","POLITICAL_SCIENCE",30
"Death of Superman, The","PSYCHOLOGY",45
"Death of Superman, The","STATISTICS",42
"Deceiver, The","COMPUTER_SCIENCE",38
"Deceiver, The","DANCE",38
"Deceiver, The","ECONOMICS",43
"Deceiver, The","ENGLISH",39
"Deceiver, The","MATHEMATICS",40
"Deceiver, The","POLITICAL_SCIENCE",40
"Deceiver, The","PSYCHOLOGY",54
"Deceiver, The","STATISTICS",45
"Design with OpAmps","COMPUTER_SCIENCE",39
"Design with OpAmps","DANCE",31
"Design with OpAmps","ECONOMICS",39
"Design with OpAmps","ENGLISH",40
"Design with OpAmps","MATHEMATICS",36
"Design with OpAmps","POLITICAL_SCIENCE",49
"Design with OpAmps","PSYCHOLOGY",40
"Design with OpAmps","STATISTICS",36
"Devil's Advocate, The","COMPUTER_SCIENCE",33
"Devil's Advocate, The","DANCE",37
"Devil's Advocate, The","ECONOMICS",36
"Devil's Advocate, The","ENGLISH",42
"Devil's Advocate, The","MATHEMATICS",44
"Devil's Advocate, The","POLITICAL_SCIENCE",48
"Devil's Advocate, The","PSYCHOLOGY",35
"Devil's Advocate, The","STATISTICS",38
"Discovery of India, The","COMPUTER_SCIENCE",45
"Discovery of India, The","DANCE",32
"Discovery of India, The","ECONOMICS",47
"Discovery of India, The","ENGLISH",44
"Discovery of India, The","MATHEMATICS",49
"Discovery of India, The","POLITICAL_SCIENCE",52
"Discovery of India, The","PSYCHOLOGY",62
"Discovery of India, The","STATISTICS",41
"Doctor in the Nude","COMPUTER_SCIENCE",49
"Doctor in the Nude","DANCE",42
"Doctor in the Nude","ECONOMICS",37
"Doctor in the Nude","ENGLISH",23
"Doctor in the Nude","MATHEMATICS",43
"Doctor in the Nude","POLITICAL_SCIENCE",45
"Doctor in the Nude","PSYCHOLOGY",36
"Doctor in the Nude","STATISTICS",34
"Doctor on the Brain","COMPUTER_SCIENCE",34
"Doctor on the Brain","DANCE",34
"Doctor on the Brain","ECONOMICS",33
"Doctor on the Brain","ENGLISH",37
"Doctor on the Brain","MATHEMATICS",47
"Doctor on the Brain","POLITICAL_SCIENCE",37
"Doctor on the Brain","PSYCHOLOGY",45
"Doctor on the Brain","STATISTICS",38
"Dongri to Dubai","COMPUTER_SCIENCE",33
"Dongri to Dubai","DANCE",40
"Dongri to Dubai","ECONOMICS",44
"Dongri to Dubai","ENGLISH",42
"Dongri to Dubai","MATHEMATICS",37
"Dongri to Dubai","POLITICAL_SCIENCE",46
"Dongri to Dubai","PSYCHOLOGY",44
"Dongri to Dubai","STATISTICS",43
"Down and Out in Paris & London","COMPUTER_SCIENCE",50
"Down and Out in Paris & London","DANCE",45
"Down and Out in Paris & London","ECONOMICS",43
"Down and Out in Paris & London","ENGLISH",45
"Down and Out in Paris & London","MATHEMATICS",39
"Down and Out in Paris & London","POLITICAL_SCIENCE",61
"Down and Out in Paris & London","PSYCHOLOGY",51
"Down and Out in Paris & London","STATISTICS",38
"Drunkard's Walk, The","COMPUTER_SCIENCE",43
"Drunkard's Walk, The","DANCE",32
"Drunkard's Walk, The","ECONOMICS",48
"Drunkard's Walk, The","ENGLISH",32
"Drunkard's Walk, The","MATHEMATICS",38
"Drunkard's Walk, The","POLITICAL_SCIENCE",51
"Drunkard's Walk, The","PSYCHOLOGY",57
"Drunkard's Walk, The","STATISTICS",39
"Dylan on Dylan","COMPUTER_SCIENCE",49
"Dylan on Dylan","DANCE",40
"Dylan on Dylan","ECONOMICS",25
"Dylan on Dylan","ENGLISH",41
"Dylan on Dylan","MATHEMATICS",54
"Dylan on Dylan","POLITICAL_SCIENCE",28
"Dylan on Dylan","PSYCHOLOGY",56
"Dylan on Dylan","STATISTICS",43
"Econometric Analysis","COMPUTER_SCIENCE",32
"Econometric Analysis","DANCE",47
"Econometric Analysis","ECONOMICS",44
"Econometric Analysis","ENGLISH",27
"Econometric Analysis","MATHEMATICS",40
"Econometric Analysis","POLITICAL_SCIENCE",53
"Econometric Analysis","PSYCHOLOGY",35
"Econometric Analysis","STATISTICS",35
"Electric Universe","COMPUTER_SCIENCE",39
"Electric Universe","DANCE",45
"Electric Universe","ECONOMICS",54
"Electric Universe","ENGLISH",39
"Electric Universe","MATHEMATICS",58
"Electric Universe","POLITICAL_SCIENCE",53
"Electric Universe","PSYCHOLOGY",29
"Electric Universe","STATISTICS",52
"Elements of Information Theory","COMPUTER_SCIENCE",46
"Elements of Information Theory","DANCE",47
"Elements of Information Theory","ECONOMICS",39
"Elements of Information Theory","ENGLISH",34
"Elements of Information Theory","MATHEMATICS",29
"Elements of Information Theory","POLITICAL_SCIENCE",58
"Elements of Information Theory","PSYCHOLOGY",53
"Elements of Information Theory","STATISTICS",41
"Empire of the Mughal - Brothers at War","COMPUTER_SCIENCE",46
"Empire of the Mughal - Brothers at War","DANCE",32
"Empire of the Mughal - Brothers at War","ECONOMICS",35
"Empire of the Mughal - Brothers at War","ENGLISH",33
"Empire of the Mughal - Brothers at War","MATHEMATICS",29
"Empire of the Mughal - Brothers at War","POLITICAL_SCIENCE",44
"Empire of the Mughal - Brothers at War","PSYCHOLOGY",56
"Empire of the Mughal - Brothers at War","STATISTICS",40
"Empire of the Mughal - Raiders from the North","COMPUTER_SCIENCE",44
"Empire of the Mughal - Raiders from the North","DANCE",47
"Empire of the Mughal - Raiders from the North","ECONOMICS",38
"Empire of the Mughal - Raiders from the North","ENGLISH",32
"Empire of the Mughal - Raiders from the North","MATHEMATICS",42
"Empire of the Mughal - Raiders from the North","POLITICAL_SCIENCE",41
"Empire of the Mughal - Raiders from the North","PSYCHOLOGY",40
"Empire of the Mughal - Raiders from the North","STATISTICS",45
"Empire of the Mughal - Ruler of the World","COMPUTER_SCIENCE",37
"Empire of the Mughal - Ruler of the World","DANCE",32
"Empire of the Mughal - Ruler of the World","ECONOMICS",44
"Empire of the Mughal - Ruler of the World","ENGLISH",25
"Empire of the Mughal - Ruler of the World","MATHEMATICS",40
"Empire of the Mughal - Ruler of the World","POLITICAL_SCIENCE",42
"Empire of the Mughal - Ruler of the World","PSYCHOLOGY",45
"Empire of the Mughal - Ruler of the World","STATISTICS",47
"Empire of the Mughal - The Serpent's Tooth","COMPUTER_SCIENCE",34
"Empire of the Mughal - The Serpent's Tooth","DANCE",20
"Empire of the Mughal - The Serpent's Tooth","ECONOMICS",40
"Empire of the Mughal - The Serpent's Tooth","ENGLISH",39
"Empire of the Mughal - The Serpent's Tooth","MATHEMATICS",42
"Empire of the Mughal - The Serpent's Tooth","POLITICAL_SCIENCE",40
"Empire of the Mughal - The Serpent's Tooth","PSYCHOLOGY",48
"Empire of the Mughal - The Serpent's Tooth","STATISTICS",35
"Empire of the Mughal - The Tainted Throne","COMPUTER_SCIENCE",47
"Empire of the Mughal - The Tainted Throne","DANCE",43
"Empire of the Mughal - The Tainted Throne","ECONOMICS",47
"Empire of the Mughal - The Tainted Throne","ENGLISH",38
"Empire of the Mughal - The Tainted Throne","MATHEMATICS",35
"Empire of the Mughal - The Tainted Throne","POLITICAL_SCIENCE",47
"Empire of the Mughal - The Tainted Throne","PSYCHOLOGY",48
"Empire of the Mughal - The Tainted Throne","STATISTICS",45
"Eyeless in Gaza","COMPUTER_SCIENCE",42
"Eyeless in Gaza","DANCE",35
"Eyeless in Gaza","ECONOMICS",43
"Eyeless in Gaza","ENGLISH",50
"Eyeless in Gaza","MATHEMATICS",37
"Eyeless in Gaza","POLITICAL_SCIENCE",39
"Eyeless in Gaza","PSYCHOLOGY",45
"Eyeless in Gaza","STATISTICS",36
"False Impressions","COMPUTER_SCIENCE",35
"False Impressions","DANCE",36
"False Impressions","ECONOMICS",50
"False Impressions","ENGLISH",26
"False Impressions","MATHEMATICS",32
"False Impressions","POLITICAL_SCIENCE",44
"False Impressions","PSYCHOLOGY",21
"False Impressions","STATISTICS",56
"Farewell to Arms, A","COMPUTER_SCIENCE",45
"Farewell to Arms, A","DANCE",47
"Farewell to Arms, A","ECONOMICS",47
"Farewell to Arms, A","ENGLISH",49
"Farewell to Arms, A","MATHEMATICS",34
"Farewell to Arms, A","POLITICAL_SCIENCE",54
"Farewell to Arms, A","PSYCHOLOGY",37
"Farewell to Arms, A","STATISTICS",35
"Final Crisis","COMPUTER_SCIENCE",41
"Final Crisis","DANCE",45
"Final Crisis","ECONOMICS",45
"Final Crisis","ENGLISH",30
"Final Crisis","MATHEMATICS",39
"Final Crisis","POLITICAL_SCIENCE",49
"Final Crisis","PSYCHOLOGY",49
"Final Crisis","STATISTICS",47
"Flashpoint","COMPUTER_SCIENCE",44
"Flashpoint","DANCE",46
"Flashpoint","ECONOMICS",39
"Flashpoint","ENGLISH",32
"Flashpoint","MATHEMATICS",48
"Flashpoint","POLITICAL_SCIENCE",33
"Flashpoint","PSYCHOLOGY",48
"Flashpoint","STATISTICS",35
"Freakonomics","COMPUTER_SCIENCE",48
"Freakonomics","DANCE",44
"Freakonomics","ECONOMICS",56
"Freakonomics","ENGLISH",35
"Freakonomics","MATHEMATICS",39
"Freakonomics","POLITICAL_SCIENCE",48
"Freakonomics","PSYCHOLOGY",44
"Freakonomics","STATISTICS",44
"Freedom at Midnight","COMPUTER_SCIENCE",44
"Freedom at Midnight","DANCE",36
"Freedom at Midnight","ECONOMICS",41
"Freedom at Midnight","ENGLISH",43
"Freedom at Midnight","MATHEMATICS",44
"Freedom at Midnight","POLITICAL_SCIENCE",53
"Freedom at Midnight","PSYCHOLOGY",44
"Freedom at Midnight","STATISTICS",42
"Free Will","COMPUTER_SCIENCE",45
"Free Will","DANCE",39
"Free Will","ECONOMICS",47
"Free Will","ENGLISH",31
"Free Will","MATHEMATICS",28
"Free Will","POLITICAL_SCIENCE",49
"Free Will","PSYCHOLOGY",37
"Free Will","STATISTICS",50
"From Beirut to Jerusalem","COMPUTER_SCIENCE",26
"From Beirut to Jerusalem","DANCE",37
"From Beirut to Jerusalem","ECONOMICS",48
"From Beirut to Jerusalem","ENGLISH",36
"From Beirut to Jerusalem","MATHEMATICS",37
"From Beirut to Jerusalem","POLITICAL_SCIENCE",43
"From Beirut to Jerusalem","PSYCHOLOGY",44
"From Beirut to Jerusalem","STATISTICS",43
"Fundamentals of Wavelets","COMPUTER_SCIENCE",51
"Fundamentals of Wavelets","DANCE",35
"Fundamentals of Wavelets","ECONOMICS",52
"Fundamentals of Wavelets","ENGLISH",37
"Fundamentals of Wavelets","MATHEMATICS",47
"Fundamentals of Wavelets","POLITICAL_SCIENCE",40
"Fundamentals of Wavelets","PSYCHOLOGY",47
"Fundamentals of Wavelets","STATISTICS",37
"Girl who kicked the Hornet's Nest","COMPUTER_SCIENCE",52
"Girl who kicked the Hornet's Nest","DANCE",38
"Girl who kicked the Hornet's Nest","ECONOMICS",31
"Girl who kicked the Hornet's Nest","ENGLISH",38
"Girl who kicked the Hornet's Nest","MATHEMATICS",36
"Girl who kicked the Hornet's Nest","POLITICAL_SCIENCE",47
"Girl who kicked the Hornet's Nest","PSYCHOLOGY",41
"Girl who kicked the Hornet's Nest","STATISTICS",40
"Girl who played with Fire","COMPUTER_SCIENCE",48
"Girl who played with Fire","DANCE",44
"Girl who played with Fire","ECONOMICS",45
"Girl who played with Fire","ENGLISH",30
"Girl who played with Fire","MATHEMATICS",33
"Girl who played with Fire","POLITICAL_SCIENCE",45
"Girl who played with Fire","PSYCHOLOGY",35
"Girl who played with Fire","STATISTICS",38
"Girl with the Dragon Tattoo","COMPUTER_SCIENCE",50
"Girl with the Dragon Tattoo","DANCE",35
"Girl with the Dragon Tattoo","ECONOMICS",36
"Girl with the Dragon Tattoo","ENGLISH",45
"Girl with the Dragon Tattoo","MATHEMATICS",39
"Girl with the Dragon Tattoo","POLITICAL_SCIENCE",44
"Girl with the Dragon Tattoo","PSYCHOLOGY",43
"Girl with the Dragon Tattoo","STATISTICS",31
"God Created the Integers","COMPUTER_SCIENCE",45
"God Created the Integers","DANCE",33
"God Created the Integers","ECONOMICS",51
"God Created the Integers","ENGLISH",29
"God Created the Integers","MATHEMATICS",41
"God Created the Integers","POLITICAL_SCIENCE",35
"God Created the Integers","PSYCHOLOGY",44
"God Created the Integers","STATISTICS",42
"Grapes of Wrath, The","COMPUTER_SCIENCE",44
"Grapes of Wrath, The","DANCE",35
"Grapes of Wrath, The","ECONOMICS",29
"Grapes of Wrath, The","ENGLISH",42
"Grapes of Wrath, The","MATHEMATICS",28
"Grapes of Wrath, The","POLITICAL_SCIENCE",49
"Grapes of Wrath, The","PSYCHOLOGY",42
"Grapes of Wrath, The","STATISTICS",50
"Great Indian Novel, The","COMPUTER_SCIENCE",44
"Great Indian Novel, The","DANCE",30
"Great Indian Novel, The","ECONOMICS",30
"Great Indian Novel, The","ENGLISH",29
"Great Indian Novel, The","MATHEMATICS",44
"Great Indian Novel, The","POLITICAL_SCIENCE",35
"Great Indian Novel, The","PSYCHOLOGY",39
"Great Indian Novel, The","STATISTICS",53
"Great War for Civilization, The","COMPUTER_SCIENCE",46
"Great War for Civilization, The","DANCE",33
"Great War for Civilization, The","ECONOMICS",40
"Great War for Civilization, The","ENGLISH",40
"Great War for Civilization, The","MATHEMATICS",46
"Great War for Civilization, The","POLITICAL_SCIENCE",42
"Great War for Civilization, The","PSYCHOLOGY",49
"Great War for Civilization, The","STATISTICS",46
"Gun Gayin Awadi","COMPUTER_SCIENCE",48
"Gun Gayin Awadi","DANCE",30
"Gun Gayin Awadi","ECONOMICS",38
"Gun Gayin Awadi","ENGLISH",45
"Gun Gayin Awadi","MATHEMATICS",42
"Gun Gayin Awadi","POLITICAL_SCIENCE",47
"Gun Gayin Awadi","PSYCHOLOGY",45
"Gun Gayin Awadi","STATISTICS",40
"Hafasavnuk","COMPUTER_SCIENCE",40
"Hafasavnuk","DANCE",40
"Hafasavnuk","ECONOMICS",38
"Hafasavnuk","ENGLISH",41
"Hafasavnuk","MATHEMATICS",29
"Hafasavnuk","POLITICAL_SCIENCE",47
"Hafasavnuk","PSYCHOLOGY",33
"Hafasavnuk","STATISTICS",46
"Half A Life","COMPUTER_SCIENCE",40
"Half A Life","DANCE",32
"Half A Life","ECONOMICS",39
"Half A Life","ENGLISH",37
"Half A Life","MATHEMATICS",37
"Half A Life","POLITICAL_SCIENCE",47
"Half A Life","PSYCHOLOGY",39
"Half A Life","STATISTICS",42
"Hidden Connections, The","COMPUTER_SCIENCE",39
"Hidden Connections, The","DANCE",32
"Hidden Connections, The","ECONOMICS",40
"Hidden Connections, The","ENGLISH",45
"Hidden Connections, The","MATHEMATICS",39
"Hidden Connections, The","POLITICAL_SCIENCE",42
"Hidden Connections, The","PSYCHOLOGY",38
"Hidden Connections, The","STATISTICS",48
"History of England, Foundation","COMPUTER_SCIENCE",48
"History of England, Foundation","DANCE",47
"History of England, Foundation","ECONOMICS",44
"History of England, Foundation","ENGLISH",38
"History of England, Foundation","MATHEMATICS",33
"History of England, Foundation","POLITICAL_SCIENCE",39
"History of England, Foundation","PSYCHOLOGY",46
"History of England, Foundation","STATISTICS",40
"History of the DC Universe","COMPUTER_SCIENCE",44
"History of the DC Universe","DANCE",47
"History of the DC Universe","ECONOMICS",46
"History of the DC Universe","ENGLISH",39
"History of the DC Universe","MATHEMATICS",36
"History of the DC Universe","POLITICAL_SCIENCE",37
"History of the DC Universe","PSYCHOLOGY",51
"History of the DC Universe","STATISTICS",38
"History of Western Philosophy","COMPUTER_SCIENCE",47
"History of Western Philosophy","DANCE",43
"History of Western Philosophy","ECONOMICS",38
"History of Western Philosophy","ENGLISH",33
"History of Western Philosophy","MATHEMATICS",51
"History of Western Philosophy","POLITICAL_SCIENCE",40
"History of Western Philosophy","PSYCHOLOGY",41
"History of Western Philosophy","STATISTICS",53
"How to Think Like Sherlock Holmes","COMPUTER_SCIENCE",41
"How to Think Like Sherlock Holmes","DANCE",32
"How to Think Like Sherlock Holmes","ECONOMICS",43
"How to Think Like Sherlock Holmes","ENGLISH",39
"How to Think Like Sherlock Holmes","MATHEMATICS",46
"How to Think Like Sherlock Holmes","POLITICAL_SCIENCE",44
"How to Think Like Sherlock Holmes","PSYCHOLOGY",48
"How to Think Like Sherlock Holmes","STATISTICS",41
"Hunchback of Notre Dame, The","COMPUTER_SCIENCE",34
"Hunchback of Notre Dame, The","DANCE",24
"Hunchback of Notre Dame, The","ECONOMICS",32
"Hunchback of Notre Dame, The","ENGLISH",36
"Hunchback of Notre Dame, The","MATHEMATICS",33
"Hunchback of Notre Dame, The","POLITICAL_SCIENCE",47
"Hunchback of Notre Dame, The","PSYCHOLOGY",38
"Hunchback of Notre Dame, The","STATISTICS",41
"Idea of Justice, The","COMPUTER_SCIENCE",41
"Idea of Justice, The","DANCE",42
"Idea of Justice, The","ECONOMICS",36
"Idea of Justice, The","ENGLISH",47
"Idea of Justice, The","MATHEMATICS",41
"Idea of Justice, The","POLITICAL_SCIENCE",38
"Idea of Justice, The","PSYCHOLOGY",31
"Idea of Justice, The","STATISTICS",30
"Identity & Violence","COMPUTER_SCIENCE",41
"Identity & Violence","DANCE",43
"Identity & Violence","ECONOMICS",47
"Identity & Violence","ENGLISH",44
"Identity & Violence","MATHEMATICS",38
"Identity & Violence","POLITICAL_SCIENCE",53
"Identity & Violence","PSYCHOLOGY",55
"Identity & Violence","STATISTICS",36
"Idiot, The","COMPUTER_SCIENCE",49
"Idiot, The","DANCE",32
"Idiot, The","ECONOMICS",47
"Idiot, The","ENGLISH",34
"Idiot, The","MATHEMATICS",33
"Idiot, The","POLITICAL_SCIENCE",39
"Idiot, The","PSYCHOLOGY",33
"Idiot, The","STATISTICS",49
"Image Processing & Mathematical Morphology","COMPUTER_SCIENCE",52
"Image Processing & Mathematical Morphology","DANCE",33
"Image Processing & Mathematical Morphology","ECONOMICS",45
"Image Processing & Mathematical Morphology","ENGLISH",38
"Image Processing & Mathematical Morphology","MATHEMATICS",32
"Image Processing & Mathematical Morphology","POLITICAL_SCIENCE",43
"Image Processing & Mathematical Morphology","PSYCHOLOGY",47
"Image Processing & Mathematical Morphology","STATISTICS",38
"Image Processing with MATLAB","COMPUTER_SCIENCE",46
"Image Processing with MATLAB","DANCE",36
"Image Processing with MATLAB","ECONOMICS",37
"Image Processing with MATLAB","ENGLISH",44
"Image Processing with MATLAB","MATHEMATICS",50
"Image Processing with MATLAB","POLITICAL_SCIENCE",58
"Image Processing with MATLAB","PSYCHOLOGY",45
"Image Processing with MATLAB","STATISTICS",41
"In a Free State","COMPUTER_SCIENCE",52
"In a Free State","DANCE",46
"In a Free State","ECONOMICS",35
"In a Free State","ENGLISH",32
"In a Free State","MATHEMATICS",31
"In a Free State","POLITICAL_SCIENCE",34
"In a Free State","PSYCHOLOGY",37
"In a Free State","STATISTICS",36
"India from Midnight to Milennium","COMPUTER_SCIENCE",36
"India from Midnight to Milennium","DANCE",35
"India from Midnight to Milennium","ECONOMICS",32
"India from Midnight to Milennium","ENGLISH",40
"India from Midnight to Milennium","MATHEMATICS",34
"India from Midnight to Milennium","POLITICAL_SCIENCE",43
"India from Midnight to Milennium","PSYCHOLOGY",58
"India from Midnight to Milennium","STATISTICS",48
"India's Legal System","COMPUTER_SCIENCE",57
"India's Legal System","DANCE",35
"India's Legal System","ECONOMICS",50
"India's Legal System","ENGLISH",37
"India's Legal System","MATHEMATICS",42
"India's Legal System","POLITICAL_SCIENCE",49
"India's Legal System","PSYCHOLOGY",38
"India's Legal System","STATISTICS",44
"Information, The","COMPUTER_SCIENCE",38
"Information, The","DANCE",47
"Information, The","ECONOMICS",37
"Information, The","ENGLISH",36
"Information, The","MATHEMATICS",33
"Information, The","POLITICAL_SCIENCE",35
"Information, The","PSYCHOLOGY",42
"Information, The","STATISTICS",47
"Integration of the Indian States","COMPUTER_SCIENCE",45
"Integration of the Indian States","DANCE",42
"Integration of the Indian States","ECONOMICS",59
"Integration of the Indian States","ENGLISH",36
"Integration of the Indian States","MATHEMATICS",44
"Integration of the Indian States","POLITICAL_SCIENCE",39
"Integration of the Indian States","PSYCHOLOGY",45
"Integration of the Indian States","STATISTICS",41
"Introduction to Algorithms","COMPUTER_SCIENCE",35
"Introduction to Algorithms","DANCE",35
"Introduction to Algorithms","ECONOMICS",48
"Introduction to Algorithms","ENGLISH",28
"Introduction to Algorithms","MATHEMATICS",28
"Introduction to Algorithms","POLITICAL_SCIENCE",43
"Introduction to Algorithms","PSYCHOLOGY",41
"Introduction to Algorithms","STATISTICS",42
"Jim Corbett Omnibus","COMPUTER_SCIENCE",37
"Jim Corbett Omnibus","DANCE",50
"Jim Corbett Omnibus","ECONOMICS",32
"Jim Corbett Omnibus","ENGLISH",33
"Jim Corbett Omnibus","MATHEMATICS",50
"Jim Corbett Omnibus","POLITICAL_SCIENCE",49
"Jim Corbett Omnibus","PSYCHOLOGY",42
"Jim Corbett Omnibus","STATISTICS",41
"Journal of a Novel","COMPUTER_SCIENCE",44
"Journal of a Novel","DANCE",38
"Journal of a Novel","ECONOMICS",49
"Journal of a Novel","ENGLISH",43
"Journal of a Novel","MATHEMATICS",53
"Journal of a Novel","POLITICAL_SCIENCE",54
"Journal of a Novel","PSYCHOLOGY",49
"Journal of a Novel","STATISTICS",46
"Journal of Economics, vol 106 No 3","COMPUTER_SCIENCE",34
"Journal of Economics, vol 106 No 3","DANCE",41
"Journal of Economics, vol 106 No 3","ECONOMICS",46
"Journal of Economics, vol 106 No 3","ENGLISH",34
"Journal of Economics, vol 106 No 3","MATHEMATICS",51
"Journal of Economics, vol 106 No 3","POLITICAL_SCIENCE",46
"Journal of Economics, vol 106 No 3","PSYCHOLOGY",45
"Journal of Economics, vol 106 No 3","STATISTICS",37
"Judge, The","COMPUTER_SCIENCE",39
"Judge, The","DANCE",42
"Judge, The","ECONOMICS",37
"Judge, The","ENGLISH",45
"Judge, The","MATHEMATICS",45
"Judge, The","POLITICAL_SCIENCE",37
"Judge, The","PSYCHOLOGY",51
"Judge, The","STATISTICS",46
"Jurassic Park","COMPUTER_SCIENCE",50
"Jurassic Park","DANCE",32
"Jurassic Park","ECONOMICS",41
"Jurassic Park","ENGLISH",47
"Jurassic Park","MATHEMATICS",49
"Jurassic Park","POLITICAL_SCIENCE",46
"Jurassic Park","PSYCHOLOGY",42
"Jurassic Park","STATISTICS",42
"Justice, Judiciary and Democracy","COMPUTER_SCIENCE",49
"Justice, Judiciary and Democracy","DANCE",47
"Justice, Judiciary and Democracy","ECONOMICS",34
"Justice, Judiciary and Democracy","ENGLISH",41
"Justice, Judiciary and Democracy","MATHEMATICS",45
"Justice, Judiciary and Democracy","POLITICAL_SCIENCE",44
"Justice, Judiciary and Democracy","PSYCHOLOGY",53
"Justice, Judiciary and Democracy","STATISTICS",46
"Justice League: The Villain's Journey","COMPUTER_SCIENCE",42
"Justice League: The Villain's Journey","DANCE",38
"Justice League: The Villain's Journey","ECONOMICS",42
"Justice League: The Villain's Journey","ENGLISH",50
"Justice League: The Villain's Journey","MATHEMATICS",45
"Justice League: The Villain's Journey","POLITICAL_SCIENCE",51
"Justice League: The Villain's Journey","PSYCHOLOGY",32
"Justice League: The Villain's Journey","STATISTICS",36
"Justice League: Throne of Atlantis","COMPUTER_SCIENCE",40
"Justice League: Throne of Atlantis","DANCE",44
"Justice League: Throne of Atlantis","ECONOMICS",43
"Justice League: Throne of Atlantis","ENGLISH",26
"Justice League: Throne of Atlantis","MATHEMATICS",44
"Justice League: Throne of Atlantis","POLITICAL_SCIENCE",47
"Justice League: Throne of Atlantis","PSYCHOLOGY",36
"Justice League: Throne of Atlantis","STATISTICS",48
"Karl Marx Biography","COMPUTER_SCIENCE",41
"Karl Marx Biography","DANCE",32
"Karl Marx Biography","ECONOMICS",48
"Karl Marx Biography","ENGLISH",37
"Karl Marx Biography","MATHEMATICS",45
"Karl Marx Biography","POLITICAL_SCIENCE",45
"Karl Marx Biography","PSYCHOLOGY",45
"Karl Marx Biography","STATISTICS",41
"Killing Joke, The","COMPUTER_SCIENCE",49
"Killing Joke, The","DANCE",35
"Killing Joke, The","ECONOMICS",37
"Killing Joke, The","ENGLISH",33
"Killing Joke, The","MATHEMATICS",41
"Killing Joke, The","POLITICAL_SCIENCE",38
"Killing Joke, The","PSYCHOLOGY",49
"Killing Joke, The","STATISTICS",47
"Last Lecture, The","COMPUTER_SCIENCE",31
"Last Lecture, The","DANCE",33
"Last Lecture, The","ECONOMICS",33
"Last Lecture, The","ENGLISH",28
"Last Lecture, The","MATHEMATICS",28
"Last Lecture, The","POLITICAL_SCIENCE",44
"Last Lecture, The","PSYCHOLOGY",41
"Last Lecture, The","STATISTICS",50
"Last Mughal, The","COMPUTER_SCIENCE",41
"Last Mughal, The","DANCE",35
"Last Mughal, The","ECONOMICS",58
"Last Mughal, The","ENGLISH",40
"Last Mughal, The","MATHEMATICS",33
"Last Mughal, The","POLITICAL_SCIENCE",38
"Last Mughal, The","PSYCHOLOGY",52
"Last Mughal, The","STATISTICS",52
"Learning OpenCV","COMPUTER_SCIENCE",51
"Learning OpenCV","DANCE",37
"Learning OpenCV","ECONOMICS",33
"Learning OpenCV","ENGLISH",40
"Learning OpenCV","MATHEMATICS",33
"Learning OpenCV","POLITICAL_SCIENCE",47
"Learning OpenCV","PSYCHOLOGY",57
"Learning OpenCV","STATISTICS",30
"Let Us C","COMPUTER_SCIENCE",40
"Let Us C","DANCE",45
"Let Us C","ECONOMICS",42
"Let Us C","ENGLISH",43
"Let Us C","MATHEMATICS",25
"Let Us C","POLITICAL_SCIENCE",41
"Let Us C","PSYCHOLOGY",42
"Let Us C","STATISTICS",27
"Life in Letters, A","COMPUTER_SCIENCE",60
"Life in Letters, A","DANCE",45
"Life in Letters, A","ECONOMICS",31
"Life in Letters, A","ENGLISH",47
"Life in Letters, A","MATHEMATICS",38
"Life in Letters, A","POLITICAL_SCIENCE",50
"Life in Letters, A","PSYCHOLOGY",33
"Life in Letters, A","STATISTICS",50
"Machine Learning for Hackers","COMPUTER_SCIENCE",47
"Machine Learning for Hackers","DANCE",41
"Machine Learning for Hackers","ECONOMICS",61
"Machine Learning for Hackers","ENGLISH",49
"Machine Learning for Hackers","MATHEMATICS",36
"Machine Learning for Hackers","POLITICAL_SCIENCE",46
"Machine Learning for Hackers","PSYCHOLOGY",54
"Machine Learning for Hackers","STATISTICS",42
"Making Software","COMPUTER_SCIENCE",43
"Making Software","DANCE",44
"Making Software","ECONOMICS",43
"Making Software","ENGLISH",34
"Making Software","MATHEMATICS",40
"Making Software","POLITICAL_SCIENCE",45
"Making Software","PSYCHOLOGY",45
"Making Software","STATISTICS",45
"Manasa","COMPUTER_SCIENCE",49
"Manasa","DANCE",50
"Manasa","ECONOMICS",40
"Manasa","ENGLISH",20
"Manasa","MATHEMATICS",35
"Manasa","POLITICAL_SCIENCE",53
"Manasa","PSYCHOLOGY",48
"Manasa","STATISTICS",40
"Maqta-e-Ghalib","COMPUTER_SCIENCE",36
"Maqta-e-Ghalib","DANCE",37
"Maqta-e-Ghalib","ECONOMICS",59
"Maqta-e-Ghalib","ENGLISH",41
"Maqta-e-Ghalib","MATHEMATICS",56
"Maqta-e-Ghalib","POLITICAL_SCIENCE",34
"Maqta-e-Ghalib","PSYCHOLOGY",40
"Maqta-e-Ghalib","STATISTICS",41
"Maugham's Collected Short Stories, Vol 3","COMPUTER_SCIENCE",57
"Maugham's Collected Short Stories, Vol 3","DANCE",43
"Maugham's Collected Short Stories, Vol 3","ECONOMICS",40
"Maugham's Collected Short Stories, Vol 3","ENGLISH",46
"Maugham's Collected Short Stories, Vol 3","MATHEMATICS",45
"Maugham's Collected Short Stories, Vol 3","POLITICAL_SCIENCE",49
"Maugham's Collected Short Stories, Vol 3","PSYCHOLOGY",33
"Maugham's Collected Short Stories, Vol 3","STATISTICS",44
"Mein Kampf","COMPUTER_SCIENCE",37
"Mein Kampf","DANCE",31
"Mein Kampf","ECONOMICS",57
"Mein Kampf","ENGLISH",40
"Mein Kampf","MATHEMATICS",37
"Mein Kampf","POLITICAL_SCIENCE",38
"Mein Kampf","PSYCHOLOGY",37
"Mein Kampf","STATISTICS",38
"Men of Mathematics","COMPUTER_SCIENCE",55
"Men of Mathematics","DANCE",36
"Men of Mathematics","ECONOMICS",46
"Men of Mathematics","ENGLISH",34
"Men of Mathematics","MATHEMATICS",38
"Men of Mathematics","POLITICAL_SCIENCE",41
"Men of Mathematics","PSYCHOLOGY",51
"Men of Mathematics","STATISTICS",39
"Moon and Sixpence, The","COMPUTER_SCIENCE",44
"Moon and Sixpence, The","DANCE",47
"Moon and Sixpence, The","ECONOMICS",44
"Moon and Sixpence, The","ENGLISH",43
"Moon and Sixpence, The","MATHEMATICS",34
"Moon and Sixpence, The","POLITICAL_SCIENCE",40
"Moon and Sixpence, The","PSYCHOLOGY",52
"Moon and Sixpence, The","STATISTICS",34
"Moon is Down, The","COMPUTER_SCIENCE",45
"Moon is Down, The","DANCE",31
"Moon is Down, The","ECONOMICS",46
"Moon is Down, The","ENGLISH",38
"Moon is Down, The","MATHEMATICS",33
"Moon is Down, The","POLITICAL_SCIENCE",47
"Moon is Down, The","PSYCHOLOGY",50
"Moon is Down, The","STATISTICS",39
"More Tears to Cry","COMPUTER_SCIENCE",41
"More Tears to Cry","DANCE",44
"More Tears to Cry","ECONOMICS",39
"More Tears to Cry","ENGLISH",29
"More Tears to Cry","MATHEMATICS",41
"More Tears to Cry","POLITICAL_SCIENCE",43
"More Tears to Cry","PSYCHOLOGY",40
"More Tears to Cry","STATISTICS",46
"Mossad","COMPUTER_SCIENCE",48
"Mossad","DANCE",41
"Mossad","ECONOMICS",35
"Mossad","ENGLISH",42
"Mossad","MATHEMATICS",45
"Mossad","POLITICAL_SCIENCE",38
"Mossad","PSYCHOLOGY",48
"Mossad","STATISTICS",50
"Murphy's Law","COMPUTER_SCIENCE",38
"Murphy's Law","DANCE",33
"Murphy's Law","ECONOMICS",37
"Murphy's Law","ENGLISH",34
"Murphy's Law","MATHEMATICS",42
"Murphy's Law","POLITICAL_SCIENCE",52
"Murphy's Law","PSYCHOLOGY",42
"Murphy's Law","STATISTICS",40
"Nature of Statistical Learning Theory, The","COMPUTER_SCIENCE",40
"Nature of Statistical Learning Theory, The","DANCE",48
"Nature of Statistical Learning Theory, The","ECONOMICS",43
"Nature of Statistical Learning Theory, The","ENGLISH",40
"Nature of Statistical Learning Theory, The","MATHEMATICS",31
"Nature of Statistical Learning Theory, The","POLITICAL_SCIENCE",32
"Nature of Statistical Learning Theory, The","PSYCHOLOGY",39
"Nature of Statistical Learning Theory, The","STATISTICS",35
"Neural Networks","COMPUTER_SCIENCE",51
"Neural Networks","DANCE",35
"Neural Networks","ECONOMICS",46
"Neural Networks","ENGLISH",46
"Neural Networks","MATHEMATICS",35
"Neural Networks","POLITICAL_SCIENCE",50
"Neural Networks","PSYCHOLOGY",40
"Neural Networks","STATISTICS",41
"New Machiavelli, The","COMPUTER_SCIENCE",38
"New Machiavelli, The","DANCE",42
"New Machiavelli, The","ECONOMICS",35
"New Machiavelli, The","ENGLISH",31
"New Machiavelli, The","MATHEMATICS",40
"New Machiavelli, The","POLITICAL_SCIENCE",42
"New Machiavelli, The","PSYCHOLOGY",32
"New Machiavelli, The","STATISTICS",45
"New Markets & Other Essays","COMPUTER_SCIENCE",40
"New Markets & Other Essays","DANCE",39
"New Markets & Other Essays","ECONOMICS",50
"New Markets & Other Essays","ENGLISH",44
"New Markets & Other Essays","MATHEMATICS",35
"New Markets & Other Essays","POLITICAL_SCIENCE",39
"New Markets & Other Essays","PSYCHOLOGY",40
"New Markets & Other Essays","STATISTICS",45
"Numbers Behind Numb3rs, The","COMPUTER_SCIENCE",36
"Numbers Behind Numb3rs, The","DANCE",36
"Numbers Behind Numb3rs, The","ECONOMICS",46
"Numbers Behind Numb3rs, The","ENGLISH",35
"Numbers Behind Numb3rs, The","MATHEMATICS",38
"Numbers Behind Numb3rs, The","POLITICAL_SCIENCE",40
"Numbers Behind Numb3rs, The","PSYCHOLOGY",49
"Numbers Behind Numb3rs, The","STATISTICS",52
"O Jerusalem!","COMPUTER_SCIENCE",40
"O Jerusalem!","DANCE",39
"O Jerusalem!","ECONOMICS",54
"O Jerusalem!","ENGLISH",40
"O Jerusalem!","MATHEMATICS",36
"O Jerusalem!","POLITICAL_SCIENCE",46
"O Jerusalem!","PSYCHOLOGY",45
"O Jerusalem!","STATISTICS",43
"Once There Was a War","COMPUTER_SCIENCE",42
"Once There Was a War","DANCE",31
"Once There Was a War","ECONOMICS",40
"Once There Was a War","ENGLISH",48
"Once There Was a War","MATHEMATICS",38
"Once There Was a War","POLITICAL_SCIENCE",40
"Once There Was a War","PSYCHOLOGY",53
"Once There Was a War","STATISTICS",31
"One","COMPUTER_SCIENCE",39
"One","DANCE",33
"One","ECONOMICS",39
"One","ENGLISH",35
"One","MATHEMATICS",39
"One","POLITICAL_SCIENCE",36
"One","PSYCHOLOGY",39
"One","STATISTICS",48
"On Education","COMPUTER_SCIENCE",49
"On Education","DANCE",30
"On Education","ECONOMICS",40
"On Education","ENGLISH",39
"On Education","MATHEMATICS",49
"On Education","POLITICAL_SCIENCE",55
"On Education","PSYCHOLOGY",30
"On Education","STATISTICS",46
"Orientalism","COMPUTER_SCIENCE",41
"Orientalism","DANCE",41
"Orientalism","ECONOMICS",52
"Orientalism","ENGLISH",27
"Orientalism","MATHEMATICS",40
"Orientalism","POLITICAL_SCIENCE",39
"Orientalism","PSYCHOLOGY",36
"Orientalism","STATISTICS",38
"Outsider, The","COMPUTER_SCIENCE",54
"Outsider, The","DANCE",44
"Outsider, The","ECONOMICS",38
"Outsider, The","ENGLISH",38
"Outsider, The","MATHEMATICS",37
"Outsider, The","POLITICAL_SCIENCE",47
"Outsider, The","PSYCHOLOGY",34
"Outsider, The","STATISTICS",49
"Oxford book of Modern Science Writing","COMPUTER_SCIENCE",50
"Oxford book of Modern Science Writing","DANCE",33
"Oxford book of Modern Science Writing","ECONOMICS",47
"Oxford book of Modern Science Writing","ENGLISH",34
"Oxford book of Modern Science Writing","MATHEMATICS",45
"Oxford book of Modern Science Writing","POLITICAL_SCIENCE",39
"Oxford book of Modern Science Writing","PSYCHOLOGY",49
"Oxford book of Modern Science Writing","STATISTICS",45
"Pattern Classification","COMPUTER_SCIENCE",46
"Pattern Classification","DANCE",36
"Pattern Classification","ECONOMICS",34
"Pattern Classification","ENGLISH",30
"Pattern Classification","MATHEMATICS",36
"Pattern Classification","POLITICAL_SCIENCE",51
"Pattern Classification","PSYCHOLOGY",53
"Pattern Classification","STATISTICS",33
"Phantom of Manhattan, The","COMPUTER_SCIENCE",36
"Phantom of Manhattan, The","DANCE",32
"Phantom of Manhattan, The","ECONOMICS",39
"Phantom of Manhattan, The","ENGLISH",42
"Phantom of Manhattan, The","MATHEMATICS",53
"Phantom of Manhattan, The","POLITICAL_SCIENCE",43
"Phantom of Manhattan, The","PSYCHOLOGY",50
"Phantom of Manhattan, The","STATISTICS",43
"Philosophy: Who Needs It","COMPUTER_SCIENCE",39
"Philosophy: Who Needs It","DANCE",38
"Philosophy: Who Needs It","ECONOMICS",55
"Philosophy: Who Needs It","ENGLISH",39
"Philosophy: Who Needs It","MATHEMATICS",45
"Philosophy: Who Needs It","POLITICAL_SCIENCE",40
"Philosophy: Who Needs It","PSYCHOLOGY",50
"Philosophy: Who Needs It","STATISTICS",46
"Physics & Philosophy","COMPUTER_SCIENCE",38
"Physics & Philosophy","DANCE",47
"Physics & Philosophy","ECONOMICS",28
"Physics & Philosophy","ENGLISH",40
"Physics & Philosophy","MATHEMATICS",51
"Physics & Philosophy","POLITICAL_SCIENCE",30
"Physics & Philosophy","PSYCHOLOGY",44
"Physics & Philosophy","STATISTICS",35
"Pillars of the Earth, The","COMPUTER_SCIENCE",40
"Pillars of the Earth, The","DANCE",37
"Pillars of the Earth, The","ECONOMICS",51
"Pillars of the Earth, The","ENGLISH",27
"Pillars of the Earth, The","MATHEMATICS",47
"Pillars of the Earth, The","POLITICAL_SCIENCE",31
"Pillars of the Earth, The","PSYCHOLOGY",50
"Pillars of the Earth, The","STATISTICS",47
"Pointers in C","COMPUTER_SCIENCE",55
"Pointers in C","DANCE",38
"Pointers in C","ECONOMICS",40
"Pointers in C","ENGLISH",40
"Pointers in C","MATHEMATICS",43
"Pointers in C","POLITICAL_SCIENCE",38
"Pointers in C","PSYCHOLOGY",42
"Pointers in C","STATISTICS",63
"Political Philosophers","COMPUTER_SCIENCE",45
"Political Philosophers","DANCE",33
"Political Philosophers","ECONOMICS",42
"Political Philosophers","ENGLISH",37
"Political Philosophers","MATHEMATICS",43
"Political Philosophers","POLITICAL_SCIENCE",52
"Political Philosophers","PSYCHOLOGY",46
"Political Philosophers","STATISTICS",48
"Power Electronics - Mohan","COMPUTER_SCIENCE",46
"Power Electronics - Mohan","DANCE",48
"Power Electronics - Mohan","ECONOMICS",37
"Power Electronics - Mohan","ENGLISH",35
"Power Electronics - Mohan","MATHEMATICS",26
"Power Electronics - Mohan","POLITICAL_SCIENCE",44
"Power Electronics - Mohan","PSYCHOLOGY",45
"Power Electronics - Mohan","STATISTICS",49
"Power Electronics - Rashid","COMPUTER_SCIENCE",46
"Power Electronics - Rashid","DANCE",31
"Power Electronics - Rashid","ECONOMICS",37
"Power Electronics - Rashid","ENGLISH",33
"Power Electronics - Rashid","MATHEMATICS",46
"Power Electronics - Rashid","POLITICAL_SCIENCE",39
"Power Electronics - Rashid","PSYCHOLOGY",36
"Power Electronics - Rashid","STATISTICS",47
"Prince, The","COMPUTER_SCIENCE",42
"Prince, The","DANCE",31
"Prince, The","ECONOMICS",41
"Prince, The","ENGLISH",45
"Prince, The","MATHEMATICS",48
"Prince, The","POLITICAL_SCIENCE",29
"Prince, The","PSYCHOLOGY",39
"Prince, The","STATISTICS",36
"Principles of Communication Systems","COMPUTER_SCIENCE",36
"Principles of Communication Systems","DANCE",29
"Principles of Communication Systems","ECONOMICS",41
"Principles of Communication Systems","ENGLISH",43
"Principles of Communication Systems","MATHEMATICS",34
"Principles of Communication Systems","POLITICAL_SCIENCE",59
"Principles of Communication Systems","PSYCHOLOGY",36
"Principles of Communication Systems","STATISTICS",37
"Prisoner of Birth, A","COMPUTER_SCIENCE",49
"Prisoner of Birth, A","DANCE",30
"Prisoner of Birth, A","ECONOMICS",43
"Prisoner of Birth, A","ENGLISH",37
"Prisoner of Birth, A","MATHEMATICS",41
"Prisoner of Birth, A","POLITICAL_SCIENCE",44
"Prisoner of Birth, A","PSYCHOLOGY",49
"Prisoner of Birth, A","STATISTICS",46
"Python for Data Analysis","COMPUTER_SCIENCE",51
"Python for Data Analysis","DANCE",32
"Python for Data Analysis","ECONOMICS",50
"Python for Data Analysis","ENGLISH",40
"Python for Data Analysis","MATHEMATICS",32
"Python for Data Analysis","POLITICAL_SCIENCE",39
"Python for Data Analysis","PSYCHOLOGY",51
"Python for Data Analysis","STATISTICS",46
"Radiowaril Bhashane & Shrutika","COMPUTER_SCIENCE",37
"Radiowaril Bhashane & Shrutika","DANCE",35
"Radiowaril Bhashane & Shrutika","ECONOMICS",44
"Radiowaril Bhashane & Shrutika","ENGLISH",41
"Radiowaril Bhashane & Shrutika","MATHEMATICS",43
"Radiowaril Bhashane & Shrutika","POLITICAL_SCIENCE",46
"Radiowaril Bhashane & Shrutika","PSYCHOLOGY",32
"Radiowaril Bhashane & Shrutika","STATISTICS",29
"Raisin in the Sun, A","COMPUTER_SCIENCE",38
"Raisin in the Sun, A","DANCE",28
"Raisin in the Sun, A","ECONOMICS",32
"Raisin in the Sun, A","ENGLISH",44
"Raisin in the Sun, A","MATHEMATICS",41
"Raisin in the Sun, A","POLITICAL_SCIENCE",49
"Raisin in the Sun, A","PSYCHOLOGY",39
"Raisin in the Sun, A","STATISTICS",42
"Rationality & Freedom","COMPUTER_SCIENCE",48
"Rationality & Freedom","DANCE",42
"Rationality & Freedom","ECONOMICS",37
"Rationality & Freedom","ENGLISH",30
"Rationality & Freedom","MATHEMATICS",35
"Rationality & Freedom","POLITICAL_SCIENCE",46
"Rationality & Freedom","PSYCHOLOGY",54
"Rationality & Freedom","STATISTICS",42
"Return of the Primitive","COMPUTER_SCIENCE",55
"Return of the Primitive","DANCE",60
"Return of the Primitive","ECONOMICS",52
"Return of the Primitive","ENGLISH",30
"Return of the Primitive","MATHEMATICS",33
"Return of the Primitive","POLITICAL_SCIENCE",36
"Return of the Primitive","PSYCHOLOGY",44
"Return of the Primitive","STATISTICS",43
"Ropemaker, The","COMPUTER_SCIENCE",44
"Ropemaker, The","DANCE",39
"Ropemaker, The","ECONOMICS",48
"Ropemaker, The","ENGLISH",35
"Ropemaker, The","MATHEMATICS",45
"Ropemaker, The","POLITICAL_SCIENCE",42
"Ropemaker, The","PSYCHOLOGY",35
"Ropemaker, The","STATISTICS",38
"Rosy is My Relative","COMPUTER_SCIENCE",58
"Rosy is My Relative","DANCE",48
"Rosy is My Relative","ECONOMICS",37
"Rosy is My Relative","ENGLISH",37
"Rosy is My Relative","MATHEMATICS",39
"Rosy is My Relative","POLITICAL_SCIENCE",39
"Rosy is My Relative","PSYCHOLOGY",54
"Rosy is My Relative","STATISTICS",42
"Russian Journal, A","COMPUTER_SCIENCE",38
"Russian Journal, A","DANCE",37
"Russian Journal, A","ECONOMICS",49
"Russian Journal, A","ENGLISH",36
"Russian Journal, A","MATHEMATICS",46
"Russian Journal, A","POLITICAL_SCIENCE",51
"Russian Journal, A","PSYCHOLOGY",50
"Russian Journal, A","STATISTICS",49
"Scoop!","COMPUTER_SCIENCE",40
"Scoop!","DANCE",37
"Scoop!","ECONOMICS",47
"Scoop!","ENGLISH",38
"Scoop!","MATHEMATICS",41
"Scoop!","POLITICAL_SCIENCE",49
"Scoop!","PSYCHOLOGY",40
"Scoop!","STATISTICS",48
"Sea of Poppies","COMPUTER_SCIENCE",39
"Sea of Poppies","DANCE",40
"Sea of Poppies","ECONOMICS",42
"Sea of Poppies","ENGLISH",43
"Sea of Poppies","MATHEMATICS",37
"Sea of Poppies","POLITICAL_SCIENCE",38
"Sea of Poppies","PSYCHOLOGY",45
"Sea of Poppies","STATISTICS",39
"Selected Short Stories","COMPUTER_SCIENCE",49
"Selected Short Stories","DANCE",35
"Selected Short Stories","ECONOMICS",44
"Selected Short Stories","ENGLISH",36
"Selected Short Stories","MATHEMATICS",31
"Selected Short Stories","POLITICAL_SCIENCE",55
"Selected Short Stories","PSYCHOLOGY",51
"Selected Short Stories","STATISTICS",36
"Short History of the World, A","COMPUTER_SCIENCE",41
"Short History of the World, A","DANCE",46
"Short History of the World, A","ECONOMICS",35
"Short History of the World, A","ENGLISH",28
"Short History of the World, A","MATHEMATICS",40
"Short History of the World, A","POLITICAL_SCIENCE",47
"Short History of the World, A","PSYCHOLOGY",64
"Short History of the World, A","STATISTICS",41
"Signal and the Noise, The","COMPUTER_SCIENCE",35
"Signal and the Noise, The","DANCE",36
"Signal and the Noise, The","ECONOMICS",43
"Signal and the Noise, The","ENGLISH",38
"Signal and the Noise, The","MATHEMATICS",39
"Signal and the Noise, The","POLITICAL_SCIENCE",44
"Signal and the Noise, The","PSYCHOLOGY",43
"Signal and the Noise, The","STATISTICS",44
"Simpsons & Their Mathematical Secrets","COMPUTER_SCIENCE",34
"Simpsons & Their Mathematical Secrets","DANCE",41
"Simpsons & Their Mathematical Secrets","ECONOMICS",45
"Simpsons & Their Mathematical Secrets","ENGLISH",32
"Simpsons & Their Mathematical Secrets","MATHEMATICS",37
"Simpsons & Their Mathematical Secrets","POLITICAL_SCIENCE",54
"Simpsons & Their Mathematical Secrets","PSYCHOLOGY",53
"Simpsons & Their Mathematical Secrets","STATISTICS",41
"Slaughterhouse Five","COMPUTER_SCIENCE",45
"Slaughterhouse Five","DANCE",36
"Slaughterhouse Five","ECONOMICS",47
"Slaughterhouse Five","ENGLISH",37
"Slaughterhouse Five","MATHEMATICS",27
"Slaughterhouse Five","POLITICAL_SCIENCE",48
"Slaughterhouse Five","PSYCHOLOGY",55
"Slaughterhouse Five","STATISTICS",29
"Social Choice & Welfare, Vol 39 No. 1","COMPUTER_SCIENCE",62
"Social Choice & Welfare, Vol 39 No. 1","DANCE",35
"Social Choice & Welfare, Vol 39 No. 1","ECONOMICS",40
"Social Choice & Welfare, Vol 39 No. 1","ENGLISH",49
"Social Choice & Welfare, Vol 39 No. 1","MATHEMATICS",34
"Social Choice & Welfare, Vol 39 No. 1","POLITICAL_SCIENCE",47
"Social Choice & Welfare, Vol 39 No. 1","PSYCHOLOGY",47
"Social Choice & Welfare, Vol 39 No. 1","STATISTICS",32
"Soft Computing & Intelligent Systems","COMPUTER_SCIENCE",38
"Soft Computing & Intelligent Systems","DANCE",36
"Soft Computing & Intelligent Systems","ECONOMICS",40
"Soft Computing & Intelligent Systems","ENGLISH",35
"Soft Computing & Intelligent Systems","MATHEMATICS",37
"Soft Computing & Intelligent Systems","POLITICAL_SCIENCE",54
"Soft Computing & Intelligent Systems","PSYCHOLOGY",39
"Soft Computing & Intelligent Systems","STATISTICS",32
"Statistical Decision Theory'","COMPUTER_SCIENCE",48
"Statistical Decision Theory'","DANCE",34
"Statistical Decision Theory'","ECONOMICS",34
"Statistical Decision Theory'","ENGLISH",43
"Statistical Decision Theory'","MATHEMATICS",36
"Statistical Decision Theory'","POLITICAL_SCIENCE",45
"Statistical Decision Theory'","PSYCHOLOGY",36
"Statistical Decision Theory'","STATISTICS",47
"Statistical Learning Theory","COMPUTER_SCIENCE",46
"Statistical Learning Theory","DANCE",36
"Statistical Learning Theory","ECONOMICS",32
"Statistical Learning Theory","ENGLISH",30
"Statistical Learning Theory","MATHEMATICS",34
"Statistical Learning Theory","POLITICAL_SCIENCE",42
"Statistical Learning Theory","PSYCHOLOGY",40
"Statistical Learning Theory","STATISTICS",47
"Story of Philosophy, The","COMPUTER_SCIENCE",52
"Story of Philosophy, The","DANCE",30
"Story of Philosophy, The","ECONOMICS",36
"Story of Philosophy, The","ENGLISH",28
"Story of Philosophy, The","MATHEMATICS",38
"Story of Philosophy, The","POLITICAL_SCIENCE",38
"Story of Philosophy, The","PSYCHOLOGY",52
"Story of Philosophy, The","STATISTICS",48
"Structure and Randomness","COMPUTER_SCIENCE",48
"Structure and Randomness","DANCE",38
"Structure and Randomness","ECONOMICS",32
"Structure and Randomness","ENGLISH",45
"Structure and Randomness","MATHEMATICS",42
"Structure and Randomness","POLITICAL_SCIENCE",49
"Structure and Randomness","PSYCHOLOGY",36
"Structure and Randomness","STATISTICS",46
"Structure & Interpretation of Computer Programs","COMPUTER_SCIENCE",50
"Structure & Interpretation of Computer Programs","DANCE",37
"Structure & Interpretation of Computer Programs","ECONOMICS",40
"Structure & Interpretation of Computer Programs","ENGLISH",32
"Structure & Interpretation of Computer Programs","MATHEMATICS",51
"Structure & Interpretation of Computer Programs","POLITICAL_SCIENCE",46
"Structure & Interpretation of Computer Programs","PSYCHOLOGY",45
"Structure & Interpretation of Computer Programs","STATISTICS",37
"Superfreakonomics","COMPUTER_SCIENCE",45
"Superfreakonomics","DANCE",34
"Superfreakonomics","ECONOMICS",43
"Superfreakonomics","ENGLISH",32
"Superfreakonomics","MATHEMATICS",36
"Superfreakonomics","POLITICAL_SCIENCE",41
"Superfreakonomics","PSYCHOLOGY",44
"Superfreakonomics","STATISTICS",44
"Superman Earth One - 1","COMPUTER_SCIENCE",39
"Superman Earth One - 1","DANCE",34
"Superman Earth One - 1","ECONOMICS",35
"Superman Earth One - 1","ENGLISH",33
"Superman Earth One - 1","MATHEMATICS",36
"Superman Earth One - 1","POLITICAL_SCIENCE",58
"Superman Earth One - 1","PSYCHOLOGY",52
"Superman Earth One - 1","STATISTICS",36
"Superman Earth One - 2","COMPUTER_SCIENCE",46
"Superman Earth One - 2","DANCE",42
"Superman Earth One - 2","ECONOMICS",34
"Superman Earth One - 2","ENGLISH",43
"Superman Earth One - 2","MATHEMATICS",50
"Superman Earth One - 2","POLITICAL_SCIENCE",49
"Superman Earth One - 2","PSYCHOLOGY",54
"Superman Earth One - 2","STATISTICS",41
"Surely You're Joking Mr Feynman","COMPUTER_SCIENCE",40
"Surely You're Joking Mr Feynman","DANCE",31
"Surely You're Joking Mr Feynman","ECONOMICS",40
"Surely You're Joking Mr Feynman","ENGLISH",41
"Surely You're Joking Mr Feynman","MATHEMATICS",38
"Surely You're Joking Mr Feynman","POLITICAL_SCIENCE",28
"Surely You're Joking Mr Feynman","PSYCHOLOGY",54
"Surely You're Joking Mr Feynman","STATISTICS",34
"Tales of Beedle the Bard","COMPUTER_SCIENCE",41
"Tales of Beedle the Bard","DANCE",39
"Tales of Beedle the Bard","ECONOMICS",47
"Tales of Beedle the Bard","ENGLISH",41
"Tales of Beedle the Bard","MATHEMATICS",36
"Tales of Beedle the Bard","POLITICAL_SCIENCE",37
"Tales of Beedle the Bard","PSYCHOLOGY",35
"Tales of Beedle the Bard","STATISTICS",38
"Tales of Mystery and Imagination","COMPUTER_SCIENCE",46
"Tales of Mystery and Imagination","DANCE",36
"Tales of Mystery and Imagination","ECONOMICS",52
"Tales of Mystery and Imagination","ENGLISH",39
"Tales of Mystery and Imagination","MATHEMATICS",43
"Tales of Mystery and Imagination","POLITICAL_SCIENCE",42
"Tales of Mystery and Imagination","PSYCHOLOGY",42
"Tales of Mystery and Imagination","STATISTICS",40
"Talking Straight","COMPUTER_SCIENCE",35
"Talking Straight","DANCE",35
"Talking Straight","ECONOMICS",34
"Talking Straight","ENGLISH",40
"Talking Straight","MATHEMATICS",35
"Talking Straight","POLITICAL_SCIENCE",34
"Talking Straight","PSYCHOLOGY",37
"Talking Straight","STATISTICS",40
"Tao of Physics, The","COMPUTER_SCIENCE",42
"Tao of Physics, The","DANCE",40
"Tao of Physics, The","ECONOMICS",40
"Tao of Physics, The","ENGLISH",42
"Tao of Physics, The","MATHEMATICS",39
"Tao of Physics, The","POLITICAL_SCIENCE",37
"Tao of Physics, The","PSYCHOLOGY",43
"Tao of Physics, The","STATISTICS",47
"Textbook of Economic Theory","COMPUTER_SCIENCE",48
"Textbook of Economic Theory","DANCE",34
"Textbook of Economic Theory","ECONOMICS",45
"Textbook of Economic Theory","ENGLISH",41
"Textbook of Economic Theory","MATHEMATICS",37
"Textbook of Economic Theory","POLITICAL_SCIENCE",36
"Textbook of Economic Theory","PSYCHOLOGY",38
"Textbook of Economic Theory","STATISTICS",43
"Theory of Everything, The","COMPUTER_SCIENCE",45
"Theory of Everything, The","DANCE",32
"Theory of Everything, The","ECONOMICS",46
"Theory of Everything, The","ENGLISH",27
"Theory of Everything, The","MATHEMATICS",37
"Theory of Everything, The","POLITICAL_SCIENCE",53
"Theory of Everything, The","PSYCHOLOGY",42
"Theory of Everything, The","STATISTICS",35
"Think Complexity","COMPUTER_SCIENCE",38
"Think Complexity","DANCE",35
"Think Complexity","ECONOMICS",49
"Think Complexity","ENGLISH",28
"Think Complexity","MATHEMATICS",41
"Think Complexity","POLITICAL_SCIENCE",51
"Think Complexity","PSYCHOLOGY",32
"Think Complexity","STATISTICS",45
"To Sir With Love","COMPUTER_SCIENCE",39
"To Sir With Love","DANCE",39
"To Sir With Love","ECONOMICS",48
"To Sir With Love","ENGLISH",27
"To Sir With Love","MATHEMATICS",33
"To Sir With Love","POLITICAL_SCIENCE",54
"To Sir With Love","PSYCHOLOGY",46
"To Sir With Love","STATISTICS",35
"Trembling of a Leaf, The","COMPUTER_SCIENCE",57
"Trembling of a Leaf, The","DANCE",45
"Trembling of a Leaf, The","ECONOMICS",35
"Trembling of a Leaf, The","ENGLISH",30
"Trembling of a Leaf, The","MATHEMATICS",28
"Trembling of a Leaf, The","POLITICAL_SCIENCE",41
"Trembling of a Leaf, The","PSYCHOLOGY",40
"Trembling of a Leaf, The","STATISTICS",43
"Trial, The","COMPUTER_SCIENCE",50
"Trial, The","DANCE",31
"Trial, The","ECONOMICS",36
"Trial, The","ENGLISH",23
"Trial, The","MATHEMATICS",45
"Trial, The","POLITICAL_SCIENCE",49
"Trial, The","PSYCHOLOGY",40
"Trial, The","STATISTICS",54
"Uncommon Wisdom","COMPUTER_SCIENCE",46
"Uncommon Wisdom","DANCE",37
"Uncommon Wisdom","ECONOMICS",45
"Uncommon Wisdom","ENGLISH",41
"Uncommon Wisdom","MATHEMATICS",37
"Uncommon Wisdom","POLITICAL_SCIENCE",48
"Uncommon Wisdom","PSYCHOLOGY",54
"Uncommon Wisdom","STATISTICS",49
"Unpopular Essays","COMPUTER_SCIENCE",48
"Unpopular Essays","DANCE",46
"Unpopular Essays","ECONOMICS",45
"Unpopular Essays","ENGLISH",32
"Unpopular Essays","MATHEMATICS",33
"Unpopular Essays","POLITICAL_SCIENCE",42
"Unpopular Essays","PSYCHOLOGY",43
"Unpopular Essays","STATISTICS",44
"Urlasurla","COMPUTER_SCIENCE",40
"Urlasurla","DANCE",32
"Urlasurla","ECONOMICS",23
"Urlasurla","ENGLISH",41
"Urlasurla","MATHEMATICS",37
"Urlasurla","POLITICAL_SCIENCE",49
"Urlasurla","PSYCHOLOGY",38
"Urlasurla","STATISTICS",51
"Veil: Secret Wars of the CIA","COMPUTER_SCIENCE",37
"Veil: Secret Wars of the CIA","DANCE",39
"Veil: Secret Wars of the CIA","ECONOMICS",29
"Veil: Secret Wars of the CIA","ENGLISH",35
"Veil: Secret Wars of the CIA","MATHEMATICS",32
"Veil: Secret Wars of the CIA","POLITICAL_SCIENCE",33
"Veil: Secret Wars of the CIA","PSYCHOLOGY",47
"Veil: Secret Wars of the CIA","STATISTICS",59
"Veteran, The","COMPUTER_SCIENCE",55
"Veteran, The","DANCE",29
"Veteran, The","ECONOMICS",40
"Veteran, The","ENGLISH",30
"Veteran, The","MATHEMATICS",31
"Veteran, The","POLITICAL_SCIENCE",41
"Veteran, The","PSYCHOLOGY",52
"Veteran, The","STATISTICS",44
"Vyakti ani Valli","COMPUTER_SCIENCE",37
"Vyakti ani Valli","DANCE",37
"Vyakti ani Valli","ECONOMICS",58
"Vyakti ani Valli","ENGLISH",50
"Vyakti ani Valli","MATHEMATICS",43
"Vyakti ani Valli","POLITICAL_SCIENCE",53
"Vyakti ani Valli","PSYCHOLOGY",45
"Vyakti ani Valli","STATISTICS",45
"Wealth of Nations, The","COMPUTER_SCIENCE",47
"Wealth of Nations, The","DANCE",40
"Wealth of Nations, The","ECONOMICS",43
"Wealth of Nations, The","ENGLISH",47
"Wealth of Nations, The","MATHEMATICS",35
"Wealth of Nations, The","POLITICAL_SCIENCE",45
"Wealth of Nations, The","PSYCHOLOGY",51
"Wealth of Nations, The","STATISTICS",45
"We the Living","COMPUTER_SCIENCE",60
"We the Living","DANCE",44
"We the Living","ECONOMICS",38
"We the Living","ENGLISH",46
"We the Living","MATHEMATICS",38
"We the Living","POLITICAL_SCIENCE",48
"We the Living","PSYCHOLOGY",46
"We the Living","STATISTICS",45
"We the Nation","COMPUTER_SCIENCE",41
"We the Nation","DANCE",40
"We the Nation","ECONOMICS",44
"We the Nation","ENGLISH",28
"We the Nation","MATHEMATICS",36
"We the Nation","POLITICAL_SCIENCE",38
"We the Nation","PSYCHOLOGY",43
"We the Nation","STATISTICS",39
"We the People","COMPUTER_SCIENCE",44
"We the People","DANCE",40
"We the People","ECONOMICS",46
"We the People","ENGLISH",34
"We the People","MATHEMATICS",35
"We the People","POLITICAL_SCIENCE",57
"We the People","PSYCHOLOGY",42
"We the People","STATISTICS",42
"Winter of Our Discontent, The","COMPUTER_SCIENCE",44
"Winter of Our Discontent, The","DANCE",31
"Winter of Our Discontent, The","ECONOMICS",30
"Winter of Our Discontent, The","ENGLISH",39
"Winter of Our Discontent, The","MATHEMATICS",46
"Winter of Our Discontent, The","POLITICAL_SCIENCE",47
"Winter of Our Discontent, The","PSYCHOLOGY",48
"Winter of Our Discontent, The","STATISTICS",31
"World's Greatest Short Stories, The","COMPUTER_SCIENCE",35
"World's Greatest Short Stories, The","DANCE",44
"World's Greatest Short Stories, The","ECONOMICS",39
"World's Greatest Short Stories, The","ENGLISH",43
"World's Greatest Short Stories, The","MATHEMATICS",29
"World's Greatest Short Stories, The","POLITICAL_SCIENCE",47
"World's Greatest Short Stories, The","PSYCHOLOGY",48
"World's Greatest Short Stories, The","STATISTICS",44
"World's Greatest Trials, The","COMPUTER_SCIENCE",49
"World's Greatest Trials, The","DANCE",43
"World's Greatest Trials, The","ECONOMICS",47
"World's Greatest Trials, The","ENGLISH",43
"World's Greatest Trials, The","MATHEMATICS",32
"World's Greatest Trials, The","POLITICAL_SCIENCE",37
"World's Greatest Trials, The","PSYCHOLOGY",50
"World's Greatest Trials, The","STATISTICS",44
"World's Great Thinkers, The","COMPUTER_SCIENCE",45
"World's Great Thinkers, The","DANCE",26
"World's Great Thinkers, The","ECONOMICS",52
"World's Great Thinkers, The","ENGLISH",42
"World's Great Thinkers, The","MATHEMATICS",38
"World's Great Thinkers, The","POLITICAL_SCIENCE",51
"World's Great Thinkers, The","PSYCHOLOGY",44
"World's Great Thinkers, The","STATISTICS",41
"Zen & The Art of Motorcycle Maintenance","COMPUTER_SCIENCE",47
"Zen & The Art of Motorcycle Maintenance","DANCE",33
"Zen & The Art of Motorcycle Maintenance","ECONOMICS",42
"Zen & The Art of Motorcycle Maintenance","ENGLISH",44
"Zen & The Art of Motorcycle Maintenance","MATHEMATICS",48
"Zen & The Art of Motorcycle Maintenance","POLITICAL_SCIENCE",51
"Zen & The Art of Motorcycle Maintenance","PSYCHOLOGY",47
"Zen & The Art of Motorcycle Maintenance","STATISTICS",34
